id,first_name,last_name,email,username
1,Bjorn,Weyman,bweyman0@google.co.jp,bweyman0
2,Marena,Dreng,mdreng1@china.com.cn,mdreng1
3,Wilden,Hunt,whunt2@youtu.be,whunt2
4,Marie-ann,Yeulet,myeulet3@alexa.com,myeulet3
5,Miranda,Vernall,mvernall4@bloomberg.com,mvernall4
6,Aurthur,Knapp,aknapp5@nature.com,aknapp5
7,Brittney,Halahan,bhalahan6@nsw.gov.au,bhalahan6
8,Ivy,"De Mitris",idemitris7@facebook.com,idemitris7
9,Celinda,Hayworth,chayworth8@privacy.gov.au,chayworth8
10,Charles,Yarham,cyarham9@yahoo.co.jp,cyarham9
11,Ariela,Pleuman,apleumana@furl.net,apleumana
12,Addison,Poulney,apoulneyb@wsj.com,apoulneyb
13,Jude,"De Cruze",jdecruzec@scribd.com,jdecruzec
14,Dare,O'Connolly,doconnollyd@merriam-webster.com,doconnollyd
15,Ellerey,Attewill,eattewille@dagondesign.com,eattewille
16,Ariela,Oram,aoramf@wired.com,aoramf
17,Kirby,Coyle,kcoyleg@friendfeed.com,kcoyleg
18,Herminia,Colling,hcollingh@zdnet.com,hcollingh
19,Clarissa,Dehmel,cdehmeli@cnn.com,cdehmeli
20,Aaron,Clover,wcloverj@timesonline.co.uk,wcloverj
